YEAR_OBS,POMRB
2018,1.931667
2017,1.383333
2016,13925
2015,4.114
2014,7.658
2013,8.026
2012,1.8
2011,10.07
2010,5.966
2009,9.068
2008,7.1475
2007,8.162
2006,8.098
2005,8.048
