YEAR_OBS,POMRB
2018,1.884167
2017,1.7125
2016,0.5633
2015,3.096667
2014,3.696667
2013,3.195
2012,2.412
2011,3.45
2010,3.09
2009,3.696
2008,3.52
2007,3.232
2006,2.636
2005,3.774
