YEAR_OBS,POMRB
2005,6.6575
2006,6.3575
2007,7.845
2008,5.6075
2009,3.92
2010,4.7575
2011,4.53
2012,4.925
2013,1.732727
2014,1.603636
2015,1.713636
2016,3.371818
2017,2.561905
2018,2.93619
